"Txhash","Blockno","UnixTimestamp","DateTime","From","To","ContractAddress","Value_IN(ETH)","Value_OUT(ETH)","CurrentValue @ $0/Eth","TxnFee(ETH)","TxnFee(USD)","Historical $Price/Eth","Status","ErrCode"
"0x0704cedaadd2c14b4e38512bbb8551fc37f278e4c25eb1fd1c0336cbfd829571","18611152","1589907248","2020-05-19 16:54:08","0x4d6bb4ed029b33cf25d0810b029bd8b1a6bcab7b","0x8eaabb9fc753df2c50f0b01e99b4e0f1f2d970a6","","1","0","0","0.000021","0","","","",""
"0x27fbfc4c2ecc4ee5ad771d0792d63f6d8307fb20a473bd762ab444735961c82d","18611476","1589908868","2020-05-19 17:21:08","0x8eaabb9fc753df2c50f0b01e99b4e0f1f2d970a6","","0x491b81543929978bf90fa5556cd26cc993374097","0","0","0","0.000245013","0","","","",""
"0xc06f0160f9e5179255e58b603fb1f4c4233d3d870064f73119479bff1a0f4542","18611517","1589909072","2020-05-19 17:24:32","0x8eaabb9fc753df2c50f0b01e99b4e0f1f2d970a6","0x491b81543929978bf90fa5556cd26cc993374097","","0","0","0","0.000026957","0","","","",""
"0xa8839307a79fc092c7946e5b6fe44d2c97c714d6bc5cc22d7365c886c2a49393","18611521","1589909092","2020-05-19 17:24:52","0x8eaabb9fc753df2c50f0b01e99b4e0f1f2d970a6","0x491b81543929978bf90fa5556cd26cc993374097","","0","0.01","0","0.000128757","0","","","",""
"0xc4130c84235bb4278f78f39065aad87f796697e0ab190c3186f90ab8866ce75b","18611635","1589909660","2020-05-19 17:34:20","0x8eaabb9fc753df2c50f0b01e99b4e0f1f2d970a6","","0x11ef1c9cb6d77bd0848bfed4258e7c5c0247115d","0","0","0","0.000259695","0","","","",""
"0x8e59cddefa21634c9a4b23dedd142c8e55d08268d78692bd963f2f2da08226f7","18611656","1589909768","2020-05-19 17:36:08","0x8eaabb9fc753df2c50f0b01e99b4e0f1f2d970a6","0x491b81543929978bf90fa5556cd26cc993374097","","0","0.001","0","0.0000806355","0","","","",""
"0x2a0bd155113357c91ac6bf0afcae2268782dbf2aa8abd266f89c40b1b0e8909d","18611700","1589909988","2020-05-19 17:39:48","0x8eaabb9fc753df2c50f0b01e99b4e0f1f2d970a6","","0x0f91e2cda5bc77c4b3b0e17380194fcee8925a46","0","0","0","0.000524351","0","","","",""
"0xd7e83de5cb7e7e35e9d35d5ff9faba60e65c2e939a55f32243e49296b516947c","18611716","1589910068","2020-05-19 17:41:08","0x8eaabb9fc753df2c50f0b01e99b4e0f1f2d970a6","0x491b81543929978bf90fa5556cd26cc993374097","","0","0.0001","0","0.000053757","0","","","",""
"0xe58df319bc005786f85e7dfb393a2bf2600a98164ec4f464fae4559423249961","18611718","1589910076","2020-05-19 17:41:16","0x8eaabb9fc753df2c50f0b01e99b4e0f1f2d970a6","0x11ef1c9cb6d77bd0848bfed4258e7c5c0247115d","","0","0.0001","0","0.000047986","0","","","",""
"0xfa04ca917e3ef95fccad823eb594b8c9eb1568898e0212df53c93f91548c2f03","18611736","1589910168","2020-05-19 17:42:48","0x8eaabb9fc753df2c50f0b01e99b4e0f1f2d970a6","0x0f91e2cda5bc77c4b3b0e17380194fcee8925a46","","0","0","0","0.000027041","0","","","",""
"0xc0f9e389f66630c17cf2a8165a9dfed888337749353e0ba95313b42a8a280ec6","18611737","1589910172","2020-05-19 17:42:52","0x8eaabb9fc753df2c50f0b01e99b4e0f1f2d970a6","0x0f91e2cda5bc77c4b3b0e17380194fcee8925a46","","0","0","0","0.000027041","0","","","",""
"0x666b956bcdda3fd8922cfd9d613607d0c142ed0e2b31f3d4917b8867602ebb0d","18611738","1589910176","2020-05-19 17:42:56","0x8eaabb9fc753df2c50f0b01e99b4e0f1f2d970a6","","0x92ac549eb468461244802d4b38d16a82779affd2","0","0","0","0.000524351","0","","","",""
"0x0b2feabfb94b185533dbf2210ed83830ffc9b0e7bd29eaf0a75bc1fa6c460914","18611792","1589910448","2020-05-19 17:47:28","0x8eaabb9fc753df2c50f0b01e99b4e0f1f2d970a6","","0x4dfcd3ec27d00b716a35d8162c527d70a6e36283","0","0","0","0.000259695","0","","","",""
"0xdc0e9f75a5ec43b01093199c0ea5a1547081cbbb8d8eb0fbdd8d583e9c598c1a","18611807","1589910520","2020-05-19 17:48:40","0x8eaabb9fc753df2c50f0b01e99b4e0f1f2d970a6","0x491b81543929978bf90fa5556cd26cc993374097","","0","0.1","0","0.000053757","0","","","",""
"0xfb62f142efbd71cb7db7e735155a466bc358b7035f107cfce40370275e35c062","18611867","1589910820","2020-05-19 17:53:40","0x8eaabb9fc753df2c50f0b01e99b4e0f1f2d970a6","","0x7eef96fd848165cfa4819b47a21177959f1cbf68","0","0","0","0.000259695","0","","","",""
"0x52060e04a71bc18230b571dc61f41ce77b25646853211ad99363808775c55a1b","18611875","1589910860","2020-05-19 17:54:20","0x8eaabb9fc753df2c50f0b01e99b4e0f1f2d970a6","0x491b81543929978bf90fa5556cd26cc993374097","","0","0.3","0","0.000047057","0","","","",""
"0x2aaf454f1bb7a0824d4bb9a61a80c6c96f1ef619e62fed9829ecc94c11d0d135","18611906","1589911016","2020-05-19 17:56:56","0x8eaabb9fc753df2c50f0b01e99b4e0f1f2d970a6","","0xab2c29f072442c1179bcc1bc77cc5c0931e2640a","0","0","0","0.000259695","0","","","",""
"0x72c2e72ed1aa6a9433af68f1a0e245efc7c6a86ee50115abaeb07c8c9ed6c13b","18611912","1589911048","2020-05-19 17:57:28","0x8eaabb9fc753df2c50f0b01e99b4e0f1f2d970a6","0xab2c29f072442c1179bcc1bc77cc5c0931e2640a","","0","0.000000000000000003","0","0.000034586","0","","","",""
"0x203c9b1713b28f4bd3e0b198a2c64838f24ae89e163bdc80973ba522c157ef3f","18611924","1589911108","2020-05-19 17:58:28","0x8eaabb9fc753df2c50f0b01e99b4e0f1f2d970a6","0xab2c29f072442c1179bcc1bc77cc5c0931e2640a","","0","0.3","0","0.000047986","0","","","",""
